0.603,0.006722681343366237,S1/minmax/modalidad/[24576 2],10-10-2024,Primer perceptron simple.
0.266,0.11030865786510141,S1/minmax/modalidad/[24576 256 2],15-10-2024,Implmente MLP con ambas normalizaciones.
0.611,0.010338708279513874,S1/minmax/modalidad/[24576 256 256 2],15-10-2024,Implmente MLP con ambas normalizaciones.
0.593,0.03690716582032396,S1/minmax/modalidad/[24576 256 256 256 2],15-10-2024,Implmente MLP con ambas normalizaciones.
0.5703333333333334,0.08357747570036107,S1/minmax/modalidad/[24576 256 256 256 256 256 256 256 2],15-10-2024,Implmente MLP con ambas normalizaciones.
0.1284644194756554,0.005437165221332573,S1/minmax/estimulo/[24576 11],10-10-2024,Primer perceptron simple.
0.12209737827715354,0.0040032880761108535,S1/minmax/estimulo/[24576 256 11],15-10-2024,Implmente MLP con ambas normalizaciones.
0.13258426966292136,0.004132598593766648,S1/minmax/estimulo/[24576 256 256 11],15-10-2024,Implmente MLP con ambas normalizaciones.
0.1404494382022472,0.0040381757776868565,S1/minmax/estimulo/[24576 256 256 256 11],15-10-2024,Implmente MLP con ambas normalizaciones.
0.1310861423220974,0.0047374946219751,S1/minmax/estimulo/[24576 256 256 256 256 256 256 256 11],15-10-2024,Implmente MLP con ambas normalizaciones.
0.5159851301115241,0.010625729314465763,S1/minmax/artefacto/[24576 11],10-10-2024,Primer perceptron simple.
0.5141263940520446,0.0022227250451861322,S1/minmax/artefacto/[24576 256 11],15-10-2024,Implmente MLP con ambas normalizaciones.
0.5126394052044609,0.007191651346525313,S1/minmax/artefacto/[24576 256 256 11],15-10-2024,Implmente MLP con ambas normalizaciones.
0.5152416356877323,0.006771005799288838,S1/minmax/artefacto/[24576 256 256 256 11],15-10-2024,Implmente MLP con ambas normalizaciones.
0.5468401486988849,0.022080657851178437,S1/minmax/artefacto/[24576 256 256 256 256 256 256 256 11],15-10-2024,Implmente MLP con ambas normalizaciones.
0.5926666666666666,0.012296115014281727,S1/prom0/modalidad/[24576 2],14-10-2024,Cambi� normalizacion mixmax a abs_prom0.
0.594,0.007421814692737434,S1/prom0/modalidad/[24576 256 2],15-10-2024,Implmente MLP con ambas normalizaciones.
0.6020000000000001,0.0072111025509279695,S1/prom0/modalidad/[24576 256 256 2],15-10-2024,Implmente MLP con ambas normalizaciones.
0.5886666666666667,0.012141526537740902,S1/prom0/modalidad/[24576 256 256 256 2],15-10-2024,Implmente MLP con ambas normalizaciones.
0.5586666666666666,0.006815016100086951,S1/prom0/modalidad/[24576 256 256 256 256 256 256 256 2],15-10-2024,Implmente MLP con ambas normalizaciones.
0.12322097378277155,0.0051353217980532155,S1/prom0/estimulo/[24576 11],14-10-2024,Cambi� normalizacion mixmax a abs_prom0.
0.11685393258426965,0.0044826626230658525,S1/prom0/estimulo/[24576 256 11],15-10-2024,Implmente MLP con ambas normalizaciones.
0.12621722846441946,0.004199936608989852,S1/prom0/estimulo/[24576 256 256 11],15-10-2024,Implmente MLP con ambas normalizaciones.
0.1307116104868914,0.004298966398220599,S1/prom0/estimulo/[24576 256 256 256 11],15-10-2024,Implmente MLP con ambas normalizaciones.
0.12284644194756553,0.005642891076149572,S1/prom0/estimulo/[24576 256 256 256 256 256 256 256 11],15-10-2024,Implmente MLP con ambas normalizaciones.
0.45650557620817844,0.006379554759007627,S1/prom0/artefacto/[24576 11],14-10-2024,Cambi� normalizacion mixmax a abs_prom0.
0.5464684014869888,0.007114371453161579,S1/prom0/artefacto/[24576 256 11],15-10-2024,Implmente MLP con ambas normalizaciones.
0.5349442379182155,0.005597851429879402,S1/prom0/artefacto/[24576 256 256 11],15-10-2024,Implmente MLP con ambas normalizaciones.
0.5379182156133829,0.006214964125390505,S1/prom0/artefacto/[24576 256 256 256 11],15-10-2024,Implmente MLP con ambas normalizaciones.
0.5245353159851301,0.0012742852417102345,S1/prom0/artefacto/[24576 256 256 256 256 256 256 256 11],15-10-2024,Implmente MLP con ambas normalizaciones.
0.6899408284023669,0.008825190264772034,S2/minmax/modalidad/[24576 2],10-10-2024,Primer perceptron simple.
0.7076923076923077,0.0979070927796758,S2/minmax/modalidad/[24576 256 2],15-10-2024,Implmente MLP con ambas normalizaciones.
0.680078895463511,0.013182567898624804,S2/minmax/modalidad/[24576 256 256 2],15-10-2024,Implmente MLP con ambas normalizaciones.
0.6406311637080868,0.009993209105241341,S2/minmax/modalidad/[24576 256 256 256 2],15-10-2024,Implmente MLP con ambas normalizaciones.
0.5854043392504931,0.0434516362392498,S2/minmax/modalidad/[24576 256 256 256 256 256 256 256 2],15-10-2024,Implmente MLP con ambas normalizaciones.
0.12777777777777777,0.0032193417037007176,S2/minmax/estimulo/[24576 11],10-10-2024,Primer perceptron simple.
0.11837606837606837,0.0049791368366371965,S2/minmax/estimulo/[24576 256 11],15-10-2024,Implmente MLP con ambas normalizaciones.
0.12136752136752138,0.0020495006509883428,S2/minmax/estimulo/[24576 256 256 11],15-10-2024,Implmente MLP con ambas normalizaciones.
0.1170940170940171,0.003619887680790045,S2/minmax/estimulo/[24576 256 256 256 11],15-10-2024,Implmente MLP con ambas normalizaciones.
0.09102564102564104,0.004792235361539701,S2/minmax/estimulo/[24576 256 256 256 256 256 256 256 11],15-10-2024,Implmente MLP con ambas normalizaciones.
0.6506329113924051,0.029827386171192644,S2/minmax/artefacto/[24576 11],10-10-2024,Primer perceptron simple.
0.6730560578661844,0.01615082326323803,S2/minmax/artefacto/[24576 256 11],15-10-2024,Implmente MLP con ambas normalizaciones.
0.6506329113924052,0.010406867681691261,S2/minmax/artefacto/[24576 256 256 11],15-10-2024,Implmente MLP con ambas normalizaciones.
0.633996383363472,0.02463431292530068,S2/minmax/artefacto/[24576 256 256 256 11],15-10-2024,Implmente MLP con ambas normalizaciones.
0.633996383363472,0.022362544251070166,S2/minmax/artefacto/[24576 256 256 256 256 256 256 256 11],15-10-2024,Implmente MLP con ambas normalizaciones.
0.5798816568047337,0.012262154668536135,S2/prom0/modalidad/[24576 2],14-10-2024,Cambi� normalizacion mixmax a abs_prom0.
0.6023668639053255,0.006400386879521867,S2/prom0/modalidad/[24576 256 2],15-10-2024,Implmente MLP con ambas normalizaciones.
0.6272189349112426,0.010866042225514254,S2/prom0/modalidad/[24576 256 256 2],15-10-2024,Implmente MLP con ambas normalizaciones.
0.580276134122288,0.008703120896611521,S2/prom0/modalidad/[24576 256 256 256 2],15-10-2024,Implmente MLP con ambas normalizaciones.
0.6110453648915186,0.009128549479610365,S2/prom0/modalidad/[24576 256 256 256 256 256 256 256 2],15-10-2024,Implmente MLP con ambas normalizaciones.
0.10341880341880341,0.00756361966684951,S2/prom0/estimulo/[24576 11],14-10-2024,Cambi� normalizacion mixmax a abs_prom0.
0.11025641025641027,0.003364960629919577,S2/prom0/estimulo/[24576 256 11],15-10-2024,Implmente MLP con ambas normalizaciones.
0.12136752136752138,0.004148822187809317,S2/prom0/estimulo/[24576 256 256 11],15-10-2024,Implmente MLP con ambas normalizaciones.
0.11495726495726495,0.0031111580723421025,S2/prom0/estimulo/[24576 256 256 256 11],15-10-2024,Implmente MLP con ambas normalizaciones.
0.10726495726495726,0.004363371336893618,S2/prom0/estimulo/[24576 256 256 256 256 256 256 256 11],15-10-2024,Implmente MLP con ambas normalizaciones.
0.42423146473779383,0.010702739064707189,S2/prom0/artefacto/[24576 11],14-10-2024,Cambi� normalizacion mixmax a abs_prom0.
0.5287522603978301,0.012281929382847688,S2/prom0/artefacto/[24576 256 11],15-10-2024,Implmente MLP con ambas normalizaciones.
0.5385171790235083,0.007813525388957795,S2/prom0/artefacto/[24576 256 256 11],15-10-2024,Implmente MLP con ambas normalizaciones.
0.5334538878842676,0.015102434980551596,S2/prom0/artefacto/[24576 256 256 256 11],15-10-2024,Implmente MLP con ambas normalizaciones.
0.5855334538878844,0.008101185093888656,S2/prom0/artefacto/[24576 256 256 256 256 256 256 256 11],15-10-2024,Implmente MLP con ambas normalizaciones.
0.6445714285714287,0.008693313300757354,S3/minmax/modalidad/[24576 2],10-10-2024,Primer perceptron simple.
0.6982857142857142,0.09347278212256457,S3/minmax/modalidad/[24576 256 2],15-10-2024,Implmente MLP con ambas normalizaciones.
0.6693333333333332,0.023925811259901817,S3/minmax/modalidad/[24576 256 256 2],15-10-2024,Implmente MLP con ambas normalizaciones.
0.6019047619047619,0.07600214819735192,S3/minmax/modalidad/[24576 256 256 256 2],15-10-2024,Implmente MLP con ambas normalizaciones.
0.5245714285714286,0.0911987190107753,S3/minmax/modalidad/[24576 256 256 256 256 256 256 256 2],15-10-2024,Implmente MLP con ambas normalizaciones.
0.12530120481927712,0.004080803500582645,S3/minmax/estimulo/[24576 11],10-10-2024,Primer perceptron simple.
0.12289156626506023,0.008826209227243337,S3/minmax/estimulo/[24576 256 11],15-10-2024,Implmente MLP con ambas normalizaciones.
0.1389558232931727,0.003767402216725646,S3/minmax/estimulo/[24576 256 256 11],15-10-2024,Implmente MLP con ambas normalizaciones.
0.11566265060240963,0.004458554881761952,S3/minmax/estimulo/[24576 256 256 256 11],15-10-2024,Implmente MLP con ambas normalizaciones.
0.10160642570281123,0.006773946904993171,S3/minmax/estimulo/[24576 256 256 256 256 256 256 256 11],15-10-2024,Implmente MLP con ambas normalizaciones.
0.5786372007366483,0.01316726551139556,S3/minmax/artefacto/[24576 11],10-10-2024,Primer perceptron simple.
0.5705340699815837,0.009912299551232335,S3/minmax/artefacto/[24576 256 11],15-10-2024,Implmente MLP con ambas normalizaciones.
0.5318600368324125,0.04196794408479964,S3/minmax/artefacto/[24576 256 256 11],15-10-2024,Implmente MLP con ambas normalizaciones.
0.565377532228361,0.036624644201383685,S3/minmax/artefacto/[24576 256 256 256 11],15-10-2024,Implmente MLP con ambas normalizaciones.
0.6386740331491713,0.06505040978590844,S3/minmax/artefacto/[24576 256 256 256 256 256 256 256 11],15-10-2024,Implmente MLP con ambas normalizaciones.
0.5958095238095238,0.00246149485396574,S3/prom0/modalidad/[24576 2],14-10-2024,Cambi� normalizacion mixmax a abs_prom0.
0.6137142857142857,0.011296057145282083,S3/prom0/modalidad/[24576 256 2],15-10-2024,Implmente MLP con ambas normalizaciones.
0.6076190476190476,0.011276769611897665,S3/prom0/modalidad/[24576 256 256 2],15-10-2024,Implmente MLP con ambas normalizaciones.
0.5942857142857143,0.015409747482042572,S3/prom0/modalidad/[24576 256 256 256 2],15-10-2024,Implmente MLP con ambas normalizaciones.
0.5984761904761905,0.01410938800699637,S3/prom0/modalidad/[24576 256 256 256 256 256 256 256 2],15-10-2024,Implmente MLP con ambas normalizaciones.
0.12208835341365461,0.00498784833268041,S3/prom0/estimulo/[24576 11],14-10-2024,Cambi� normalizacion mixmax a abs_prom0.
0.11445783132530121,0.003940043548262769,S3/prom0/estimulo/[24576 256 11],15-10-2024,Implmente MLP con ambas normalizaciones.
0.10923694779116466,0.0032564808715314962,S3/prom0/estimulo/[24576 256 256 11],15-10-2024,Implmente MLP con ambas normalizaciones.
0.12891566265060242,0.003575199561197763,S3/prom0/estimulo/[24576 256 256 256 11],15-10-2024,Implmente MLP con ambas normalizaciones.
0.11325301204819276,0.0023157756214198383,S3/prom0/estimulo/[24576 256 256 256 256 256 256 256 11],15-10-2024,Implmente MLP con ambas normalizaciones.
0.4751381215469614,0.00764882491981407,S3/prom0/artefacto/[24576 11],14-10-2024,Cambi� normalizacion mixmax a abs_prom0.
0.5561694290976058,0.0060661764611420225,S3/prom0/artefacto/[24576 256 11],15-10-2024,Implmente MLP con ambas normalizaciones.
0.5528545119705341,0.0066323915673551104,S3/prom0/artefacto/[24576 256 256 11],15-10-2024,Implmente MLP con ambas normalizaciones.
0.5340699815837937,0.008686907119757467,S3/prom0/artefacto/[24576 256 256 256 11],15-10-2024,Implmente MLP con ambas normalizaciones.
0.5591160220994474,0.006647714787395965,S3/prom0/artefacto/[24576 256 256 256 256 256 256 256 11],15-10-2024,Implmente MLP con ambas normalizaciones.
0.5979959919839679,0.015410026795161876,S4/minmax/modalidad/[24576 2],10-10-2024,Primer perceptron simple.
0.5627254509018036,0.11679894436872694,S4/minmax/modalidad/[24576 256 2],15-10-2024,Implmente MLP con ambas normalizaciones.
0.6064128256513026,0.009627584889350144,S4/minmax/modalidad/[24576 256 256 2],15-10-2024,Implmente MLP con ambas normalizaciones.
0.5967935871743487,0.012373025282912325,S4/minmax/modalidad/[24576 256 256 256 2],15-10-2024,Implmente MLP con ambas normalizaciones.
0.6304609218436874,0.014627885844404533,S4/minmax/modalidad/[24576 256 256 256 256 256 256 256 2],15-10-2024,Implmente MLP con ambas normalizaciones.
0.1378260869565217,0.005865538070970452,S4/minmax/estimulo/[24576 11],10-10-2024,Primer perceptron simple.
0.12565217391304348,0.0035187856643997054,S4/minmax/estimulo/[24576 256 11],15-10-2024,Implmente MLP con ambas normalizaciones.
0.13217391304347825,0.002892203194706536,S4/minmax/estimulo/[24576 256 256 11],15-10-2024,Implmente MLP con ambas normalizaciones.
0.12086956521739131,0.0010425720702853744,S4/minmax/estimulo/[24576 256 256 256 11],15-10-2024,Implmente MLP con ambas normalizaciones.
0.10260869565217393,0.006364035290567152,S4/minmax/estimulo/[24576 256 256 256 256 256 256 256 11],15-10-2024,Implmente MLP con ambas normalizaciones.
0.6304900181488203,0.008302961331178133,S4/minmax/artefacto/[24576 11],10-10-2024,Primer perceptron simple.
0.6141560798548094,0.009025275324251441,S4/minmax/artefacto/[24576 256 11],15-10-2024,Implmente MLP con ambas normalizaciones.
0.6294010889292195,0.012622240326235998,S4/minmax/artefacto/[24576 256 256 11],15-10-2024,Implmente MLP con ambas normalizaciones.
0.6246823956442832,0.008320793746894836,S4/minmax/artefacto/[24576 256 256 256 11],15-10-2024,Implmente MLP con ambas normalizaciones.
0.5963702359346643,0.016547305743249627,S4/minmax/artefacto/[24576 256 256 256 256 256 256 256 11],15-10-2024,Implmente MLP con ambas normalizaciones.
0.5567134268537075,0.0063908692260929816,S4/prom0/modalidad/[24576 2],14-10-2024,Cambi� normalizacion mixmax a abs_prom0.
0.5831663326653306,0.011616334065081715,S4/prom0/modalidad/[24576 256 2],15-10-2024,Implmente MLP con ambas normalizaciones.
0.5755511022044089,0.009478343559427237,S4/prom0/modalidad/[24576 256 256 2],15-10-2024,Implmente MLP con ambas normalizaciones.
0.569939879759519,0.007384980269614548,S4/prom0/modalidad/[24576 256 256 256 2],15-10-2024,Implmente MLP con ambas normalizaciones.
0.56312625250501,0.015110007812540524,S4/prom0/modalidad/[24576 256 256 256 256 256 256 256 2],15-10-2024,Implmente MLP con ambas normalizaciones.
0.11695652173913043,0.0023006533139692106,S4/prom0/estimulo/[24576 11],14-10-2024,Cambi� normalizacion mixmax a abs_prom0.
0.12391304347826089,0.005051717408096632,S4/prom0/estimulo/[24576 256 11],15-10-2024,Implmente MLP con ambas normalizaciones.
0.12347826086956522,0.007753284565272612,S4/prom0/estimulo/[24576 256 256 11],15-10-2024,Implmente MLP con ambas normalizaciones.
0.1269565217391304,0.005702120455914783,S4/prom0/estimulo/[24576 256 256 256 11],15-10-2024,Implmente MLP con ambas normalizaciones.
0.1108695652173913,0.006319322545108101,S4/prom0/estimulo/[24576 256 256 256 256 256 256 256 11],15-10-2024,Implmente MLP con ambas normalizaciones.
0.494010889292196,0.006998482571564006,S4/prom0/artefacto/[24576 11],14-10-2024,Cambi� normalizacion mixmax a abs_prom0.
0.5313974591651542,0.009666696178283685,S4/prom0/artefacto/[24576 256 11],15-10-2024,Implmente MLP con ambas normalizaciones.
0.5386569872958258,0.011841322960579794,S4/prom0/artefacto/[24576 256 256 11],15-10-2024,Implmente MLP con ambas normalizaciones.
0.5546279491833032,0.015938963159678163,S4/prom0/artefacto/[24576 256 256 256 11],15-10-2024,Implmente MLP con ambas normalizaciones.
0.5208711433756805,0.012475251438173794,S4/prom0/artefacto/[24576 256 256 256 256 256 256 256 11],15-10-2024,Implmente MLP con ambas normalizaciones.
0.40457380457380454,0.05754293186530127,S5/minmax/modalidad/[24576 2],10-10-2024,Primer perceptron simple.
0.4286902286902287,0.12261213299863633,S5/minmax/modalidad/[24576 256 2],15-10-2024,Implmente MLP con ambas normalizaciones.
0.36632016632016634,0.08768534783589993,S5/minmax/modalidad/[24576 256 256 2],15-10-2024,Implmente MLP con ambas normalizaciones.
0.33264033264033266,0.09271743265392997,S5/minmax/modalidad/[24576 256 256 256 2],15-10-2024,Implmente MLP con ambas normalizaciones.
0.5883575883575884,0.10122092999865735,S5/minmax/modalidad/[24576 256 256 256 256 256 256 256 2],15-10-2024,Implmente MLP con ambas normalizaciones.
0.10221238938053098,0.004729548302307953,S5/minmax/estimulo/[24576 11],10-10-2024,Primer perceptron simple.
0.09292035398230089,0.0045069798202352586,S5/minmax/estimulo/[24576 256 11],15-10-2024,Implmente MLP con ambas normalizaciones.
0.09424778761061947,0.0028245896758415266,S5/minmax/estimulo/[24576 256 256 11],15-10-2024,Implmente MLP con ambas normalizaciones.
0.09292035398230089,0.003601508981437988,S5/minmax/estimulo/[24576 256 256 256 11],15-10-2024,Implmente MLP con ambas normalizaciones.
0.09469026548672566,0.002859037164451345,S5/minmax/estimulo/[24576 256 256 256 256 256 256 256 11],15-10-2024,Implmente MLP con ambas normalizaciones.
0.5712418300653596,0.036544852197105765,S5/minmax/artefacto/[24576 11],10-10-2024,Primer perceptron simple.
0.5372549019607843,0.03425956232915605,S5/minmax/artefacto/[24576 256 11],15-10-2024,Implmente MLP con ambas normalizaciones.
0.47494553376906323,0.04503800746979872,S5/minmax/artefacto/[24576 256 256 11],15-10-2024,Implmente MLP con ambas normalizaciones.
0.41655773420479303,0.03485294075088666,S5/minmax/artefacto/[24576 256 256 256 11],15-10-2024,Implmente MLP con ambas normalizaciones.
0.47581699346405226,0.04283027143244681,S5/minmax/artefacto/[24576 256 256 256 256 256 256 256 11],15-10-2024,Implmente MLP con ambas normalizaciones.
0.6544698544698544,0.014391740789918325,S5/prom0/modalidad/[24576 2],14-10-2024,Cambi� normalizacion mixmax a abs_prom0.
0.6498960498960499,0.00906931148074313,S5/prom0/modalidad/[24576 256 2],15-10-2024,Implmente MLP con ambas normalizaciones.
0.6528066528066527,0.0065083059636168545,S5/prom0/modalidad/[24576 256 256 2],15-10-2024,Implmente MLP con ambas normalizaciones.
0.6083160083160083,0.004424905749229263,S5/prom0/modalidad/[24576 256 256 256 2],15-10-2024,Implmente MLP con ambas normalizaciones.
0.6220374220374221,0.006050574723848333,S5/prom0/modalidad/[24576 256 256 256 256 256 256 256 2],15-10-2024,Implmente MLP con ambas normalizaciones.
0.10796460176991149,0.002178950841105333,S5/prom0/estimulo/[24576 11],14-10-2024,Cambi� normalizacion mixmax a abs_prom0.
0.1075221238938053,0.0026456329077657963,S5/prom0/estimulo/[24576 256 11],15-10-2024,Implmente MLP con ambas normalizaciones.
0.10530973451327434,0.004961872011505708,S5/prom0/estimulo/[24576 256 256 11],15-10-2024,Implmente MLP con ambas normalizaciones.
0.1084070796460177,0.007065805054279343,S5/prom0/estimulo/[24576 256 256 256 11],15-10-2024,Implmente MLP con ambas normalizaciones.
0.09690265486725662,0.0023930650058389302,S5/prom0/estimulo/[24576 256 256 256 256 256 256 256 11],15-10-2024,Implmente MLP con ambas normalizaciones.
0.48017429193899785,0.0056308705809673615,S5/prom0/artefacto/[24576 11],14-10-2024,Cambi� normalizacion mixmax a abs_prom0.
0.5381263616557733,0.0036455774576648146,S5/prom0/artefacto/[24576 256 11],15-10-2024,Implmente MLP con ambas normalizaciones.
0.5342047930283224,0.006169848478651983,S5/prom0/artefacto/[24576 256 256 11],15-10-2024,Implmente MLP con ambas normalizaciones.
0.5777777777777777,0.007846162573145573,S5/prom0/artefacto/[24576 256 256 256 11],15-10-2024,Implmente MLP con ambas normalizaciones.
0.584313725490196,0.007831024294384066,S5/prom0/artefacto/[24576 256 256 256 256 256 256 256 11],15-10-2024,Implmente MLP con ambas normalizaciones.
0.5713131313131312,0.00864684224607381,S6/minmax/modalidad/[24576 2],10-10-2024,Primer perceptron simple.
0.3018181818181818,0.09342380502949536,S6/minmax/modalidad/[24576 256 2],15-10-2024,Implmente MLP con ambas normalizaciones.
0.6222222222222222,0.03127400618583982,S6/minmax/modalidad/[24576 256 256 2],15-10-2024,Implmente MLP con ambas normalizaciones.
0.6149494949494949,0.010657403385139373,S6/minmax/modalidad/[24576 256 256 256 2],15-10-2024,Implmente MLP con ambas normalizaciones.
0.49414141414141416,0.07778643530459654,S6/minmax/modalidad/[24576 256 256 256 256 256 256 256 2],15-10-2024,Implmente MLP con ambas normalizaciones.
0.11494736842105265,0.004973057604639038,S6/minmax/estimulo/[24576 11],10-10-2024,Primer perceptron simple.
0.11536842105263156,0.004350311225215121,S6/minmax/estimulo/[24576 256 11],15-10-2024,Implmente MLP con ambas normalizaciones.
0.11621052631578947,0.0022280011040543913,S6/minmax/estimulo/[24576 256 256 11],15-10-2024,Implmente MLP con ambas normalizaciones.
0.1094736842105263,0.002535072542903641,S6/minmax/estimulo/[24576 256 256 256 11],15-10-2024,Implmente MLP con ambas normalizaciones.
0.09263157894736843,0.004130824604283913,S6/minmax/estimulo/[24576 256 256 256 256 256 256 256 11],15-10-2024,Implmente MLP con ambas normalizaciones.
0.5420479302832244,0.010441618271304364,S6/minmax/artefacto/[24576 11],10-10-2024,Primer perceptron simple.
0.550326797385621,0.003289688207089644,S6/minmax/artefacto/[24576 256 11],15-10-2024,Implmente MLP con ambas normalizaciones.
0.5655773420479303,0.0032167370501597864,S6/minmax/artefacto/[24576 256 256 11],15-10-2024,Implmente MLP con ambas normalizaciones.
0.5503267973856208,0.005394082092871442,S6/minmax/artefacto/[24576 256 256 256 11],15-10-2024,Implmente MLP con ambas normalizaciones.
0.5098039215686274,0.01040290752619898,S6/minmax/artefacto/[24576 256 256 256 256 256 256 256 11],15-10-2024,Implmente MLP con ambas normalizaciones.
0.608080808080808,0.012935604520066358,S6/prom0/modalidad/[24576 2],14-10-2024,Cambi� normalizacion mixmax a abs_prom0.
0.6,0.01201128605753112,S6/prom0/modalidad/[24576 256 2],15-10-2024,Implmente MLP con ambas normalizaciones.
0.6028282828282828,0.009974971228790715,S6/prom0/modalidad/[24576 256 256 2],15-10-2024,Implmente MLP con ambas normalizaciones.
0.5907070707070707,0.009308287703845066,S6/prom0/modalidad/[24576 256 256 256 2],15-10-2024,Implmente MLP con ambas normalizaciones.
0.5781818181818181,0.020097710505287185,S6/prom0/modalidad/[24576 256 256 256 256 256 256 256 2],15-10-2024,Implmente MLP con ambas normalizaciones.
0.11494736842105265,0.0028479472123091962,S6/prom0/estimulo/[24576 11],14-10-2024,Cambi� normalizacion mixmax a abs_prom0.
0.11326315789473684,0.005695894424618393,S6/prom0/estimulo/[24576 256 11],15-10-2024,Implmente MLP con ambas normalizaciones.
0.1208421052631579,0.0037245907395692898,S6/prom0/estimulo/[24576 256 256 11],15-10-2024,Implmente MLP con ambas normalizaciones.
0.11115789473684212,0.004168208394362806,S6/prom0/estimulo/[24576 256 256 256 11],15-10-2024,Implmente MLP con ambas normalizaciones.
0.10947368421052632,0.005530073910132082,S6/prom0/estimulo/[24576 256 256 256 256 256 256 256 11],15-10-2024,Implmente MLP con ambas normalizaciones.
0.4671023965141612,0.003854423967963864,S6/prom0/artefacto/[24576 11],14-10-2024,Cambi� normalizacion mixmax a abs_prom0.
0.547276688453159,0.00566867617919725,S6/prom0/artefacto/[24576 256 11],15-10-2024,Implmente MLP con ambas normalizaciones.
0.5673202614379085,0.010295126231556127,S6/prom0/artefacto/[24576 256 256 11],15-10-2024,Implmente MLP con ambas normalizaciones.
0.5638344226579521,0.006303039713067293,S6/prom0/artefacto/[24576 256 256 256 11],15-10-2024,Implmente MLP con ambas normalizaciones.
0.5577342047930284,0.0030030607303028825,S6/prom0/artefacto/[24576 256 256 256 256 256 256 256 11],15-10-2024,Implmente MLP con ambas normalizaciones.
0.5316666666666667,0.009562931181273755,S7/minmax/modalidad/[24576 2],10-10-2024,Primer perceptron simple.
0.4333333333333334,0.11547005383792515,S7/minmax/modalidad/[24576 256 2],15-10-2024,Implmente MLP con ambas normalizaciones.
0.5241666666666667,0.026085795943386503,S7/minmax/modalidad/[24576 256 256 2],15-10-2024,Implmente MLP con ambas normalizaciones.
0.5104166666666667,0.04571480886977435,S7/minmax/modalidad/[24576 256 256 256 2],15-10-2024,Implmente MLP con ambas normalizaciones.
0.4916666666666667,0.03132975932630897,S7/minmax/modalidad/[24576 256 256 256 256 256 256 256 2],15-10-2024,Implmente MLP con ambas normalizaciones.
0.11415929203539824,0.0035190207346431127,S7/minmax/estimulo/[24576 11],10-10-2024,Primer perceptron simple.
0.11504424778761062,0.005258789523895889,S7/minmax/estimulo/[24576 256 11],15-10-2024,Implmente MLP con ambas normalizaciones.
0.12123893805309735,0.003876419351313106,S7/minmax/estimulo/[24576 256 256 11],15-10-2024,Implmente MLP con ambas normalizaciones.
0.1084070796460177,0.0055309734513274336,S7/minmax/estimulo/[24576 256 256 256 11],15-10-2024,Implmente MLP con ambas normalizaciones.
0.10486725663716814,0.0026456329077657955,S7/minmax/estimulo/[24576 256 256 256 256 256 256 256 11],15-10-2024,Implmente MLP con ambas normalizaciones.
0.7642335766423358,0.008185277916790443,S7/minmax/artefacto/[24576 11],10-10-2024,Primer perceptron simple.
0.7817518248175184,0.010115811351485548,S7/minmax/artefacto/[24576 256 11],15-10-2024,Implmente MLP con ambas normalizaciones.
0.7229927007299268,0.012203104742555104,S7/minmax/artefacto/[24576 256 256 11],15-10-2024,Implmente MLP con ambas normalizaciones.
0.7412408759124087,0.0193997928685801,S7/minmax/artefacto/[24576 256 256 256 11],15-10-2024,Implmente MLP con ambas normalizaciones.
0.6678832116788321,0.04537158403986504,S7/minmax/artefacto/[24576 256 256 256 256 256 256 256 11],15-10-2024,Implmente MLP con ambas normalizaciones.
0.53375,0.01114534656257938,S7/prom0/modalidad/[24576 2],14-10-2024,Cambi� normalizacion mixmax a abs_prom0.
0.5558333333333333,0.009391189724653876,S7/prom0/modalidad/[24576 256 2],15-10-2024,Implmente MLP con ambas normalizaciones.
0.5625,0.007395099728874517,S7/prom0/modalidad/[24576 256 256 2],15-10-2024,Implmente MLP con ambas normalizaciones.
0.5270833333333333,0.00805525622049217,S7/prom0/modalidad/[24576 256 256 256 2],15-10-2024,Implmente MLP con ambas normalizaciones.
0.5570833333333333,0.015510692996195312,S7/prom0/modalidad/[24576 256 256 256 256 256 256 256 2],15-10-2024,Implmente MLP con ambas normalizaciones.
0.11283185840707965,0.003988441676398217,S7/prom0/estimulo/[24576 11],14-10-2024,Cambi� normalizacion mixmax a abs_prom0.
0.1168141592920354,0.004031165300506327,S7/prom0/estimulo/[24576 256 11],15-10-2024,Implmente MLP con ambas normalizaciones.
0.11415929203539824,0.005477618762451306,S7/prom0/estimulo/[24576 256 256 11],15-10-2024,Implmente MLP con ambas normalizaciones.
0.11017699115044248,0.00336981110878934,S7/prom0/estimulo/[24576 256 256 256 11],15-10-2024,Implmente MLP con ambas normalizaciones.
0.10530973451327434,0.007162130113379931,S7/prom0/estimulo/[24576 256 256 256 256 256 256 256 11],15-10-2024,Implmente MLP con ambas normalizaciones.
0.4748175182481752,0.00817510101627814,S7/prom0/artefacto/[24576 11],14-10-2024,Cambi� normalizacion mixmax a abs_prom0.
0.5448905109489051,0.009138674471203584,S7/prom0/artefacto/[24576 256 11],15-10-2024,Implmente MLP con ambas normalizaciones.
0.5397810218978102,0.00955549449750807,S7/prom0/artefacto/[24576 256 256 11],15-10-2024,Implmente MLP con ambas normalizaciones.
0.55,0.010165068961463842,S7/prom0/artefacto/[24576 256 256 256 11],15-10-2024,Implmente MLP con ambas normalizaciones.
0.5536496350364963,0.008084991940465585,S7/prom0/artefacto/[24576 256 256 256 256 256 256 256 11],15-10-2024,Implmente MLP con ambas normalizaciones.
0.5099236641221374,0.006951910534384348,S8/minmax/modalidad/[24576 2],10-10-2024,Primer perceptron simple.
0.43167938931297706,0.11833476891405688,S8/minmax/modalidad/[24576 256 2],15-10-2024,Implmente MLP con ambas normalizaciones.
0.5343511450381679,0.018674032243111566,S8/minmax/modalidad/[24576 256 256 2],15-10-2024,Implmente MLP con ambas normalizaciones.
0.5473282442748092,0.010438774298608662,S8/minmax/modalidad/[24576 256 256 256 2],15-10-2024,Implmente MLP con ambas normalizaciones.
0.5064885496183207,0.04401865555849383,S8/minmax/modalidad/[24576 256 256 256 256 256 256 256 2],15-10-2024,Implmente MLP con ambas normalizaciones.
0.10916496945010183,0.004138981961894416,S8/minmax/estimulo/[24576 11],10-10-2024,Primer perceptron simple.
0.10224032586558045,0.003200862249593017,S8/minmax/estimulo/[24576 256 11],15-10-2024,Implmente MLP con ambas normalizaciones.
0.10386965376782079,0.005885207037393029,S8/minmax/estimulo/[24576 256 256 11],15-10-2024,Implmente MLP con ambas normalizaciones.
0.11934826883910388,0.00589576978661105,S8/minmax/estimulo/[24576 256 256 256 11],15-10-2024,Implmente MLP con ambas normalizaciones.
0.09857433808553971,0.00243549098637503,S8/minmax/estimulo/[24576 256 256 256 256 256 256 256 11],15-10-2024,Implmente MLP con ambas normalizaciones.
0.5522968197879858,0.015129494273549501,S8/minmax/artefacto/[24576 11],10-10-2024,Primer perceptron simple.
0.5621908127208479,0.011874316324767882,S8/minmax/artefacto/[24576 256 11],15-10-2024,Implmente MLP con ambas normalizaciones.
0.551590106007067,0.001951477211517184,S8/minmax/artefacto/[24576 256 256 11],15-10-2024,Implmente MLP con ambas normalizaciones.
0.5441696113074205,0.01512123919489725,S8/minmax/artefacto/[24576 256 256 256 11],15-10-2024,Implmente MLP con ambas normalizaciones.
0.48869257950530026,0.0593605396121856,S8/minmax/artefacto/[24576 256 256 256 256 256 256 256 11],15-10-2024,Implmente MLP con ambas normalizaciones.
0.5431297709923665,0.006619139387795657,S8/prom0/modalidad/[24576 2],14-10-2024,Cambi� normalizacion mixmax a abs_prom0.
0.5790076335877863,0.008422929958287757,S8/prom0/modalidad/[24576 256 2],15-10-2024,Implmente MLP con ambas normalizaciones.
0.5996183206106871,0.00725943763420238,S8/prom0/modalidad/[24576 256 256 2],15-10-2024,Implmente MLP con ambas normalizaciones.
0.5713740458015267,0.007198983249564889,S8/prom0/modalidad/[24576 256 256 256 2],15-10-2024,Implmente MLP con ambas normalizaciones.
0.5702290076335877,0.01990321696531594,S8/prom0/modalidad/[24576 256 256 256 256 256 256 256 2],15-10-2024,Implmente MLP con ambas normalizaciones.
0.11283095723014255,0.0045903982360833585,S8/prom0/estimulo/[24576 11],14-10-2024,Cambi� normalizacion mixmax a abs_prom0.
0.11283095723014255,0.0028294183277901837,S8/prom0/estimulo/[24576 256 11],15-10-2024,Implmente MLP con ambas normalizaciones.
0.1124236252545825,0.00215539821675323,S8/prom0/estimulo/[24576 256 256 11],15-10-2024,Implmente MLP con ambas normalizaciones.
0.10142566191446027,0.0028946375567315474,S8/prom0/estimulo/[24576 256 256 256 11],15-10-2024,Implmente MLP con ambas normalizaciones.
0.09898167006109979,0.005021925867999168,S8/prom0/estimulo/[24576 256 256 256 256 256 256 256 11],15-10-2024,Implmente MLP con ambas normalizaciones.
0.4084805653710248,0.00746871427132447,S8/prom0/artefacto/[24576 11],14-10-2024,Cambi� normalizacion mixmax a abs_prom0.
0.5226148409893993,0.005689484872121775,S8/prom0/artefacto/[24576 256 11],15-10-2024,Implmente MLP con ambas normalizaciones.
0.523321554770318,0.01147322126858955,S8/prom0/artefacto/[24576 256 256 11],15-10-2024,Implmente MLP con ambas normalizaciones.
0.515547703180212,0.004828851720394514,S8/prom0/artefacto/[24576 256 256 256 11],15-10-2024,Implmente MLP con ambas normalizaciones.
0.5226148409893993,0.013738950319586971,S8/prom0/artefacto/[24576 256 256 256 256 256 256 256 11],15-10-2024,Implmente MLP con ambas normalizaciones.
0.5351955307262569,0.004812978764737463,S9/minmax/modalidad/[24576 2],10-10-2024,Primer perceptron simple.
0.4301675977653631,0.12095326868497745,S9/minmax/modalidad/[24576 256 2],15-10-2024,Implmente MLP con ambas normalizaciones.
0.5620111731843576,0.021988127849685304,S9/minmax/modalidad/[24576 256 256 2],15-10-2024,Implmente MLP con ambas normalizaciones.
0.5411545623836127,0.009681635703207415,S9/minmax/modalidad/[24576 256 256 256 2],15-10-2024,Implmente MLP con ambas normalizaciones.
0.5314711359404096,0.058010661962533065,S9/minmax/modalidad/[24576 256 256 256 256 256 256 256 2],15-10-2024,Implmente MLP con ambas normalizaciones.
0.12709163346613545,0.004116330342584029,S9/minmax/estimulo/[24576 11],10-10-2024,Primer perceptron simple.
0.11513944223107571,0.0030012986401034597,S9/minmax/estimulo/[24576 256 11],15-10-2024,Implmente MLP con ambas normalizaciones.
0.12470119521912351,0.0040970047412755214,S9/minmax/estimulo/[24576 256 256 11],15-10-2024,Implmente MLP con ambas normalizaciones.
0.12270916334661355,0.0024640073459866497,S9/minmax/estimulo/[24576 256 256 256 11],15-10-2024,Implmente MLP con ambas normalizaciones.
0.10836653386454183,0.005374795841925115,S9/minmax/estimulo/[24576 256 256 256 256 256 256 256 11],15-10-2024,Implmente MLP con ambas normalizaciones.
0.5451448040885861,0.010549808657847385,S9/minmax/artefacto/[24576 11],10-10-2024,Primer perceptron simple.
0.5540034071550256,0.01756172770169477,S9/minmax/artefacto/[24576 256 11],15-10-2024,Implmente MLP con ambas normalizaciones.
0.5512776831345827,0.014025316840035962,S9/minmax/artefacto/[24576 256 256 11],15-10-2024,Implmente MLP con ambas normalizaciones.
0.575809199318569,0.019918019629388786,S9/minmax/artefacto/[24576 256 256 256 11],15-10-2024,Implmente MLP con ambas normalizaciones.
0.5768313458262351,0.01674626226747982,S9/minmax/artefacto/[24576 256 256 256 256 256 256 256 11],15-10-2024,Implmente MLP con ambas normalizaciones.
0.48901303538175045,0.004758634018316813,S9/prom0/modalidad/[24576 2],14-10-2024,Cambi� normalizacion mixmax a abs_prom0.
0.5232774674115456,0.007004932169014542,S9/prom0/modalidad/[24576 256 2],15-10-2024,Implmente MLP con ambas normalizaciones.
0.5292364990689014,0.008507205795531042,S9/prom0/modalidad/[24576 256 256 2],15-10-2024,Implmente MLP con ambas normalizaciones.
0.5135940409683426,0.00845609872606535,S9/prom0/modalidad/[24576 256 256 256 2],15-10-2024,Implmente MLP con ambas normalizaciones.
0.5150837988826816,0.009627758625482732,S9/prom0/modalidad/[24576 256 256 256 256 256 256 256 2],15-10-2024,Implmente MLP con ambas normalizaciones.
0.12868525896414343,0.004891645082792301,S9/prom0/estimulo/[24576 11],14-10-2024,Cambi� normalizacion mixmax a abs_prom0.
0.11314741035856575,0.0034330055656601765,S9/prom0/estimulo/[24576 256 11],15-10-2024,Implmente MLP con ambas normalizaciones.
0.11752988047808766,0.004249149204721421,S9/prom0/estimulo/[24576 256 256 11],15-10-2024,Implmente MLP con ambas normalizaciones.
0.11832669322709163,0.0020216915468311194,S9/prom0/estimulo/[24576 256 256 256 11],15-10-2024,Implmente MLP con ambas normalizaciones.
0.09681274900398405,0.004048287138028203,S9/prom0/estimulo/[24576 256 256 256 256 256 256 256 11],15-10-2024,Implmente MLP con ambas normalizaciones.
0.45587734241908,0.011781812018519062,S9/prom0/artefacto/[24576 11],14-10-2024,Cambi� normalizacion mixmax a abs_prom0.
0.5117546848381601,0.0146081150882008,S9/prom0/artefacto/[24576 256 11],15-10-2024,Implmente MLP con ambas normalizaciones.
0.5182282793867121,0.00849571219065873,S9/prom0/artefacto/[24576 256 256 11],15-10-2024,Implmente MLP con ambas normalizaciones.
0.5216354344122658,0.0112449020992908,S9/prom0/artefacto/[24576 256 256 256 11],15-10-2024,Implmente MLP con ambas normalizaciones.
0.5141396933560477,0.01519625518132789,S9/prom0/artefacto/[24576 256 256 256 256 256 256 256 11],15-10-2024,Implmente MLP con ambas normalizaciones.
0.5730994152046784,0.009338432410918895,S10/minmax/modalidad/[24576 2],10-10-2024,Primer perceptron simple.
0.5649122807017544,0.1129943680097025,S10/minmax/modalidad/[24576 256 2],15-10-2024,Implmente MLP con ambas normalizaciones.
0.6035087719298246,0.03947452649932831,S10/minmax/modalidad/[24576 256 256 2],15-10-2024,Implmente MLP con ambas normalizaciones.
0.5021442495126706,0.06041721575737906,S10/minmax/modalidad/[24576 256 256 256 2],15-10-2024,Implmente MLP con ambas normalizaciones.
0.3695906432748538,0.0460398148362478,S10/minmax/modalidad/[24576 256 256 256 256 256 256 256 2],15-10-2024,Implmente MLP con ambas normalizaciones.
0.12049180327868851,0.003648461847287881,S10/minmax/estimulo/[24576 11],10-10-2024,Primer perceptron simple.
0.10737704918032787,0.0012631995907723308,S10/minmax/estimulo/[24576 256 11],15-10-2024,Implmente MLP con ambas normalizaciones.
0.09549180327868853,0.005547945233885607,S10/minmax/estimulo/[24576 256 256 11],15-10-2024,Implmente MLP con ambas normalizaciones.
0.10655737704918031,0.005574373159317804,S10/minmax/estimulo/[24576 256 256 256 11],15-10-2024,Implmente MLP con ambas normalizaciones.
0.08196721311475409,0.003994587846233181,S10/minmax/estimulo/[24576 256 256 256 256 256 256 256 11],15-10-2024,Implmente MLP con ambas normalizaciones.
0.6330404217926187,0.009605176395036705,S10/minmax/artefacto/[24576 11],10-10-2024,Primer perceptron simple.
0.6418277680140598,0.01591164940898402,S10/minmax/artefacto/[24576 256 11],15-10-2024,Implmente MLP con ambas normalizaciones.
0.6007029876977154,0.01871684117480003,S10/minmax/artefacto/[24576 256 256 11],15-10-2024,Implmente MLP con ambas normalizaciones.
0.6463971880492092,0.013218458837591408,S10/minmax/artefacto/[24576 256 256 256 11],15-10-2024,Implmente MLP con ambas normalizaciones.
0.6231985940246046,0.09262263091503975,S10/minmax/artefacto/[24576 256 256 256 256 256 256 256 11],15-10-2024,Implmente MLP con ambas normalizaciones.
0.5610136452241715,0.006426838799935489,S10/prom0/modalidad/[24576 2],14-10-2024,Cambi� normalizacion mixmax a abs_prom0.
0.5333333333333333,0.005186797152300223,S10/prom0/modalidad/[24576 256 2],15-10-2024,Implmente MLP con ambas normalizaciones.
0.538401559454191,0.007934944419901606,S10/prom0/modalidad/[24576 256 256 2],15-10-2024,Implmente MLP con ambas normalizaciones.
0.5594541910331385,0.006766688092674376,S10/prom0/modalidad/[24576 256 256 256 2],15-10-2024,Implmente MLP con ambas normalizaciones.
0.5426900584795321,0.008548152806737113,S10/prom0/modalidad/[24576 256 256 256 256 256 256 256 2],15-10-2024,Implmente MLP con ambas normalizaciones.
0.1098360655737705,0.004361433740531303,S10/prom0/estimulo/[24576 11],14-10-2024,Cambi� normalizacion mixmax a abs_prom0.
0.10942622950819672,0.004947826421167884,S10/prom0/estimulo/[24576 256 11],15-10-2024,Implmente MLP con ambas normalizaciones.
0.10368852459016394,0.0041644265231355684,S10/prom0/estimulo/[24576 256 256 11],15-10-2024,Implmente MLP con ambas normalizaciones.
0.1069672131147541,0.0030186311193967684,S10/prom0/estimulo/[24576 256 256 256 11],15-10-2024,Implmente MLP con ambas normalizaciones.
0.09344262295081966,0.005135231182844945,S10/prom0/estimulo/[24576 256 256 256 256 256 256 256 11],15-10-2024,Implmente MLP con ambas normalizaciones.
0.4203866432337435,0.011290286640667151,S10/prom0/artefacto/[24576 11],14-10-2024,Cambi� normalizacion mixmax a abs_prom0.
0.5268892794376099,0.008057570043126643,S10/prom0/artefacto/[24576 256 11],15-10-2024,Implmente MLP con ambas normalizaciones.
0.5525483304042179,0.00871321986378949,S10/prom0/artefacto/[24576 256 256 11],15-10-2024,Implmente MLP con ambas normalizaciones.
0.5159929701230228,0.007776677289925342,S10/prom0/artefacto/[24576 256 256 256 11],15-10-2024,Implmente MLP con ambas normalizaciones.
0.5202108963093146,0.020757490001788607,S10/prom0/artefacto/[24576 256 256 256 256 256 256 256 11],15-10-2024,Implmente MLP con ambas normalizaciones.
0.6381679389312976,0.016140345446170896,S11/minmax/modalidad/[24576 2],10-10-2024,Primer perceptron simple.
0.5694656488549619,0.12031803319753268,S11/minmax/modalidad/[24576 256 2],15-10-2024,Implmente MLP con ambas normalizaciones.
0.6469465648854962,0.014677297171812024,S11/minmax/modalidad/[24576 256 256 2],15-10-2024,Implmente MLP con ambas normalizaciones.
0.6736641221374045,0.012039549843959925,S11/minmax/modalidad/[24576 256 256 256 2],15-10-2024,Implmente MLP con ambas normalizaciones.
0.6698473282442748,0.0332713012726404,S11/minmax/modalidad/[24576 256 256 256 256 256 256 256 2],15-10-2024,Implmente MLP con ambas normalizaciones.
0.1270103092783505,0.0045780625383864985,S11/minmax/estimulo/[24576 11],10-10-2024,Primer perceptron simple.
0.11752577319587629,0.0014579521261578296,S11/minmax/estimulo/[24576 256 11],15-10-2024,Implmente MLP con ambas normalizaciones.
0.1270103092783505,0.004782438558656989,S11/minmax/estimulo/[24576 256 256 11],15-10-2024,Implmente MLP con ambas normalizaciones.
0.11628865979381445,0.0047824385586569896,S11/minmax/estimulo/[24576 256 256 256 11],15-10-2024,Implmente MLP con ambas normalizaciones.
0.1002061855670103,0.005228339106435449,S11/minmax/estimulo/[24576 256 256 256 256 256 256 256 11],15-10-2024,Implmente MLP con ambas normalizaciones.
0.5971014492753624,0.020570171549404694,S11/minmax/artefacto/[24576 11],10-10-2024,Primer perceptron simple.
0.596376811594203,0.00631984186322913,S11/minmax/artefacto/[24576 256 11],15-10-2024,Implmente MLP con ambas normalizaciones.
0.596376811594203,0.01529376109184341,S11/minmax/artefacto/[24576 256 256 11],15-10-2024,Implmente MLP con ambas normalizaciones.
0.605072463768116,0.018102349973530156,S11/minmax/artefacto/[24576 256 256 256 11],15-10-2024,Implmente MLP con ambas normalizaciones.
0.6072463768115941,0.021831025578263195,S11/minmax/artefacto/[24576 256 256 256 256 256 256 256 11],15-10-2024,Implmente MLP con ambas normalizaciones.
0.5431297709923665,0.007236826422083409,S11/prom0/modalidad/[24576 2],14-10-2024,Cambi� normalizacion mixmax a abs_prom0.
0.5545801526717558,0.004467442714015119,S11/prom0/modalidad/[24576 256 2],15-10-2024,Implmente MLP con ambas normalizaciones.
0.5725190839694656,0.014030287233368556,S11/prom0/modalidad/[24576 256 256 2],15-10-2024,Implmente MLP con ambas normalizaciones.
0.5503816793893129,0.010220173922897622,S11/prom0/modalidad/[24576 256 256 256 2],15-10-2024,Implmente MLP con ambas normalizaciones.
0.5759541984732824,0.011171867216222448,S11/prom0/modalidad/[24576 256 256 256 256 256 256 256 2],15-10-2024,Implmente MLP con ambas normalizaciones.
0.12577319587628866,0.0075052679270933165,S11/prom0/estimulo/[24576 11],14-10-2024,Cambi� normalizacion mixmax a abs_prom0.
0.11670103092783506,0.004978431533051394,S11/prom0/estimulo/[24576 256 11],15-10-2024,Implmente MLP con ambas normalizaciones.
0.11298969072164948,0.0038408115484942604,S11/prom0/estimulo/[24576 256 256 11],15-10-2024,Implmente MLP con ambas normalizaciones.
0.11134020618556702,0.004422187750417981,S11/prom0/estimulo/[24576 256 256 256 11],15-10-2024,Implmente MLP con ambas normalizaciones.
0.11298969072164948,0.004931241543546967,S11/prom0/estimulo/[24576 256 256 256 256 256 256 256 11],15-10-2024,Implmente MLP con ambas normalizaciones.
0.4311594202898551,0.008409778542344315,S11/prom0/artefacto/[24576 11],14-10-2024,Cambi� normalizacion mixmax a abs_prom0.
0.5072463768115943,0.00966277924137289,S11/prom0/artefacto/[24576 256 11],15-10-2024,Implmente MLP con ambas normalizaciones.
0.528623188405797,0.009133741062286623,S11/prom0/artefacto/[24576 256 256 11],15-10-2024,Implmente MLP con ambas normalizaciones.
0.5003623188405797,0.008897122578122233,S11/prom0/artefacto/[24576 256 256 256 11],15-10-2024,Implmente MLP con ambas normalizaciones.
0.5032608695652173,0.012977894701864,S11/prom0/artefacto/[24576 256 256 256 256 256 256 256 11],15-10-2024,Implmente MLP con ambas normalizaciones.
0.5732558139534883,0.007125882291027217,S12/minmax/modalidad/[24576 2],10-10-2024,Primer perceptron simple.
0.5197674418604651,0.11362639603158983,S12/minmax/modalidad/[24576 256 2],15-10-2024,Implmente MLP con ambas normalizaciones.
0.6104651162790697,0.011065195677224955,S12/minmax/modalidad/[24576 256 256 2],15-10-2024,Implmente MLP con ambas normalizaciones.
0.6050387596899226,0.015421291677579668,S12/minmax/modalidad/[24576 256 256 256 2],15-10-2024,Implmente MLP con ambas normalizaciones.
0.4968992248062015,0.0767972665074757,S12/minmax/modalidad/[24576 256 256 256 256 256 256 256 2],15-10-2024,Implmente MLP con ambas normalizaciones.
0.11719745222929936,0.0036896278549857246,S12/minmax/estimulo/[24576 11],10-10-2024,Primer perceptron simple.
0.09893842887473461,0.0019916839744473177,S12/minmax/estimulo/[24576 256 11],15-10-2024,Implmente MLP con ambas normalizaciones.
0.11507430997876858,0.0032685359486922818,S12/minmax/estimulo/[24576 256 256 11],15-10-2024,Implmente MLP con ambas normalizaciones.
0.09893842887473461,0.003309651224653907,S12/minmax/estimulo/[24576 256 256 256 11],15-10-2024,Implmente MLP con ambas normalizaciones.
0.10191082802547771,0.0022768164107778367,S12/minmax/estimulo/[24576 256 256 256 256 256 256 256 11],15-10-2024,Implmente MLP con ambas normalizaciones.
0.508,0.0035496478698597723,S12/minmax/artefacto/[24576 11],10-10-2024,Primer perceptron simple.
0.5224,0.015718778578502835,S12/minmax/artefacto/[24576 256 11],15-10-2024,Implmente MLP con ambas normalizaciones.
0.5284000000000001,0.010289800775525245,S12/minmax/artefacto/[24576 256 256 11],15-10-2024,Implmente MLP con ambas normalizaciones.
0.5168000000000001,0.005377731863899506,S12/minmax/artefacto/[24576 256 256 256 11],15-10-2024,Implmente MLP con ambas normalizaciones.
0.594,0.027906988372090602,S12/minmax/artefacto/[24576 256 256 256 256 256 256 256 11],15-10-2024,Implmente MLP con ambas normalizaciones.
0.5418604651162792,0.011272008231950287,S12/prom0/modalidad/[24576 2],14-10-2024,Cambi� normalizacion mixmax a abs_prom0.
0.5492248062015503,0.0035629411455136172,S12/prom0/modalidad/[24576 256 2],15-10-2024,Implmente MLP con ambas normalizaciones.
0.562015503875969,0.005862202892346589,S12/prom0/modalidad/[24576 256 256 2],15-10-2024,Implmente MLP con ambas normalizaciones.
0.562015503875969,0.0057653003025750155,S12/prom0/modalidad/[24576 256 256 256 2],15-10-2024,Implmente MLP con ambas normalizaciones.
0.5883720930232558,0.009849461829126407,S12/prom0/modalidad/[24576 256 256 256 256 256 256 256 2],15-10-2024,Implmente MLP con ambas normalizaciones.
0.10615711252653928,0.006098261832842918,S12/prom0/estimulo/[24576 11],14-10-2024,Cambi� normalizacion mixmax a abs_prom0.
0.10318471337579618,0.004568457492855629,S12/prom0/estimulo/[24576 256 11],15-10-2024,Implmente MLP con ambas normalizaciones.
0.11549893842887474,0.0030986241017678176,S12/prom0/estimulo/[24576 256 256 11],15-10-2024,Implmente MLP con ambas normalizaciones.
0.11252653927813164,0.004138766176139688,S12/prom0/estimulo/[24576 256 256 256 11],15-10-2024,Implmente MLP con ambas normalizaciones.
0.10276008492569003,0.0029111059874314415,S12/prom0/estimulo/[24576 256 256 256 256 256 256 256 11],15-10-2024,Implmente MLP con ambas normalizaciones.
0.386,0.004959838707054895,S12/prom0/artefacto/[24576 11],14-10-2024,Cambi� normalizacion mixmax a abs_prom0.
0.51,0.007523297149521616,S12/prom0/artefacto/[24576 256 11],15-10-2024,Implmente MLP con ambas normalizaciones.
0.5212,0.005614267539047284,S12/prom0/artefacto/[24576 256 256 11],15-10-2024,Implmente MLP con ambas normalizaciones.
0.5016,0.0058378078077305755,S12/prom0/artefacto/[24576 256 256 256 11],15-10-2024,Implmente MLP con ambas normalizaciones.
0.4932,0.004890807704254998,S12/prom0/artefacto/[24576 256 256 256 256 256 256 256 11],15-10-2024,Implmente MLP con ambas normalizaciones.
0.6070726915520629,0.010589008234351178,S13/minmax/modalidad/[24576 2],10-10-2024,Primer perceptron simple.
0.29901768172888016,0.09474397343206786,S13/minmax/modalidad/[24576 256 2],15-10-2024,Implmente MLP con ambas normalizaciones.
0.6200392927308448,0.011603004369535083,S13/minmax/modalidad/[24576 256 256 2],15-10-2024,Implmente MLP con ambas normalizaciones.
0.469155206286837,0.056746036239273684,S13/minmax/modalidad/[24576 256 256 256 2],15-10-2024,Implmente MLP con ambas normalizaciones.
0.5178781925343812,0.06391050545453718,S13/minmax/modalidad/[24576 256 256 256 256 256 256 256 2],15-10-2024,Implmente MLP con ambas normalizaciones.
0.11255230125523012,0.003151991458853423,S13/minmax/estimulo/[24576 11],10-10-2024,Primer perceptron simple.
0.11213389121338913,0.005407049365405891,S13/minmax/estimulo/[24576 256 11],15-10-2024,Implmente MLP con ambas normalizaciones.
0.12259414225941423,0.0052007543492284735,S13/minmax/estimulo/[24576 256 256 11],15-10-2024,Implmente MLP con ambas normalizaciones.
0.1108786610878661,0.005475419384226945,S13/minmax/estimulo/[24576 256 256 256 11],15-10-2024,Implmente MLP con ambas normalizaciones.
0.10418410041841004,0.002403582697296246,S13/minmax/estimulo/[24576 256 256 256 256 256 256 256 11],15-10-2024,Implmente MLP con ambas normalizaciones.
0.6072332730560579,0.013161029275174518,S13/minmax/artefacto/[24576 11],10-10-2024,Primer perceptron simple.
0.6253164556962025,0.015766627288055918,S13/minmax/artefacto/[24576 256 11],15-10-2024,Implmente MLP con ambas normalizaciones.
0.5801084990958408,0.021814045352622376,S13/minmax/artefacto/[24576 256 256 11],15-10-2024,Implmente MLP con ambas normalizaciones.
0.5620253164556963,0.02919860092866461,S13/minmax/artefacto/[24576 256 256 256 11],15-10-2024,Implmente MLP con ambas normalizaciones.
0.5750452079566004,0.10205309449395357,S13/minmax/artefacto/[24576 256 256 256 256 256 256 256 11],15-10-2024,Implmente MLP con ambas normalizaciones.
0.6051080550098231,0.010920976117632455,S13/prom0/modalidad/[24576 2],14-10-2024,Cambi� normalizacion mixmax a abs_prom0.
0.587033398821218,0.005867656001205532,S13/prom0/modalidad/[24576 256 2],15-10-2024,Implmente MLP con ambas normalizaciones.
0.5905697445972495,0.007358868683822411,S13/prom0/modalidad/[24576 256 256 2],15-10-2024,Implmente MLP con ambas normalizaciones.
0.5944990176817289,0.009710552735762202,S13/prom0/modalidad/[24576 256 256 256 2],15-10-2024,Implmente MLP con ambas normalizaciones.
0.6149312377210217,0.008797097515614185,S13/prom0/modalidad/[24576 256 256 256 256 256 256 256 2],15-10-2024,Implmente MLP con ambas normalizaciones.
0.12133891213389122,0.006397022950385213,S13/prom0/estimulo/[24576 11],14-10-2024,Cambi� normalizacion mixmax a abs_prom0.
0.11924686192468618,0.0036536086185299118,S13/prom0/estimulo/[24576 256 11],15-10-2024,Implmente MLP con ambas normalizaciones.
0.1179916317991632,0.0042515484169250144,S13/prom0/estimulo/[24576 256 256 11],15-10-2024,Implmente MLP con ambas normalizaciones.
0.11129707112970713,0.0020066240683316813,S13/prom0/estimulo/[24576 256 256 256 11],15-10-2024,Implmente MLP con ambas normalizaciones.
0.10543933054393306,0.0033927353013026894,S13/prom0/estimulo/[24576 256 256 256 256 256 256 256 11],15-10-2024,Implmente MLP con ambas normalizaciones.
0.4488245931283906,0.004599673541402134,S13/prom0/artefacto/[24576 11],14-10-2024,Cambi� normalizacion mixmax a abs_prom0.
0.5497287522603977,0.003501793260585357,S13/prom0/artefacto/[24576 256 11],15-10-2024,Implmente MLP con ambas normalizaciones.
0.5775768535262207,0.011820648821268879,S13/prom0/artefacto/[24576 256 256 11],15-10-2024,Implmente MLP con ambas normalizaciones.
0.5569620253164557,0.010309000226936146,S13/prom0/artefacto/[24576 256 256 256 11],15-10-2024,Implmente MLP con ambas normalizaciones.
0.559493670886076,0.01024217161555609,S13/prom0/artefacto/[24576 256 256 256 256 256 256 256 11],15-10-2024,Implmente MLP con ambas normalizaciones.
0.5951762523191094,0.014445055035118162,S14/minmax/modalidad/[24576 2],10-10-2024,Primer perceptron simple.
0.47421150278293134,0.09962445099966469,S14/minmax/modalidad/[24576 256 2],15-10-2024,Implmente MLP con ambas normalizaciones.
0.6218923933209648,0.014575524557626984,S14/minmax/modalidad/[24576 256 256 2],15-10-2024,Implmente MLP con ambas normalizaciones.
0.6089053803339517,0.011522217109628372,S14/minmax/modalidad/[24576 256 256 256 2],15-10-2024,Implmente MLP con ambas normalizaciones.
0.5591836734693877,0.029637021237570376,S14/minmax/modalidad/[24576 256 256 256 256 256 256 256 2],15-10-2024,Implmente MLP con ambas normalizaciones.
0.12123711340206185,0.0026645047388288825,S14/minmax/estimulo/[24576 11],10-10-2024,Primer perceptron simple.
0.10474226804123712,0.004995481006014728,S14/minmax/estimulo/[24576 256 11],15-10-2024,Implmente MLP con ambas normalizaciones.
0.13690721649484536,0.003147286087107988,S14/minmax/estimulo/[24576 256 256 11],15-10-2024,Implmente MLP con ambas normalizaciones.
0.12041237113402062,0.0038186101396808516,S14/minmax/estimulo/[24576 256 256 256 11],15-10-2024,Implmente MLP con ambas normalizaciones.
0.11381443298969074,0.004260614086550892,S14/minmax/estimulo/[24576 256 256 256 256 256 256 256 11],15-10-2024,Implmente MLP con ambas normalizaciones.
0.5513711151736745,0.0084531100707107,S14/minmax/artefacto/[24576 11],10-10-2024,Primer perceptron simple.
0.5521023765996345,0.011819546526687104,S14/minmax/artefacto/[24576 256 11],15-10-2024,Implmente MLP con ambas normalizaciones.
0.5612431444241317,0.01578999845096101,S14/minmax/artefacto/[24576 256 256 11],15-10-2024,Implmente MLP con ambas normalizaciones.
0.583180987202925,0.005737606883537559,S14/minmax/artefacto/[24576 256 256 256 11],15-10-2024,Implmente MLP con ambas normalizaciones.
0.5550274223034736,0.0069565987533603026,S14/minmax/artefacto/[24576 256 256 256 256 256 256 256 11],15-10-2024,Implmente MLP con ambas normalizaciones.
0.6081632653061224,0.006337918683687839,S14/prom0/modalidad/[24576 2],14-10-2024,Cambi� normalizacion mixmax a abs_prom0.
0.6166975881261595,0.005666984916252788,S14/prom0/modalidad/[24576 256 2],15-10-2024,Implmente MLP con ambas normalizaciones.
0.6300556586270871,0.009583058679142822,S14/prom0/modalidad/[24576 256 256 2],15-10-2024,Implmente MLP con ambas normalizaciones.
0.6278293135435993,0.007678739178691977,S14/prom0/modalidad/[24576 256 256 256 2],15-10-2024,Implmente MLP con ambas normalizaciones.
0.634508348794063,0.014037797727663783,S14/prom0/modalidad/[24576 256 256 256 256 256 256 256 2],15-10-2024,Implmente MLP con ambas normalizaciones.
0.11793814432989691,0.004931241543546967,S14/prom0/estimulo/[24576 11],14-10-2024,Cambi� normalizacion mixmax a abs_prom0.
0.12041237113402062,0.004737783626010746,S14/prom0/estimulo/[24576 256 11],15-10-2024,Implmente MLP con ambas normalizaciones.
0.1109278350515464,0.0024133401877772425,S14/prom0/estimulo/[24576 256 256 11],15-10-2024,Implmente MLP con ambas normalizaciones.
0.11134020618556702,0.0028044269090176173,S14/prom0/estimulo/[24576 256 256 256 11],15-10-2024,Implmente MLP con ambas normalizaciones.
0.11010309278350516,0.003618542015419433,S14/prom0/estimulo/[24576 256 256 256 256 256 256 256 11],15-10-2024,Implmente MLP con ambas normalizaciones.
0.4413162705667276,0.007848295405362225,S14/prom0/artefacto/[24576 11],14-10-2024,Cambi� normalizacion mixmax a abs_prom0.
0.5312614259597807,0.002068319652465226,S14/prom0/artefacto/[24576 256 11],15-10-2024,Implmente MLP con ambas normalizaciones.
0.5283363802559415,0.009076556919419674,S14/prom0/artefacto/[24576 256 256 11],15-10-2024,Implmente MLP con ambas normalizaciones.
0.5180987202925046,0.013369290894904736,S14/prom0/artefacto/[24576 256 256 256 11],15-10-2024,Implmente MLP con ambas normalizaciones.
0.5140767824497259,0.007486506482428985,S14/prom0/artefacto/[24576 256 256 256 256 256 256 256 11],15-10-2024,Implmente MLP con ambas normalizaciones.
0.5657258064516129,0.008184589971848571,S15/minmax/modalidad/[24576 2],10-10-2024,Primer perceptron simple.
0.5693548387096774,0.12012610439590601,S15/minmax/modalidad/[24576 256 2],15-10-2024,Implmente MLP con ambas normalizaciones.
0.5891129032258065,0.009662707230904642,S15/minmax/modalidad/[24576 256 256 2],15-10-2024,Implmente MLP con ambas normalizaciones.
0.6153225806451613,0.013192942055631368,S15/minmax/modalidad/[24576 256 256 256 2],15-10-2024,Implmente MLP con ambas normalizaciones.
0.4616935483870968,0.035862169668321224,S15/minmax/modalidad/[24576 256 256 256 256 256 256 256 2],15-10-2024,Implmente MLP con ambas normalizaciones.
0.1120689655172414,0.006677557493461064,S15/minmax/estimulo/[24576 11],10-10-2024,Primer perceptron simple.
0.10560344827586207,0.004794955918380816,S15/minmax/estimulo/[24576 256 11],15-10-2024,Implmente MLP con ambas normalizaciones.
0.10948275862068965,0.006382367627138295,S15/minmax/estimulo/[24576 256 256 11],15-10-2024,Implmente MLP con ambas normalizaciones.
0.11465517241379311,0.00528786385620056,S15/minmax/estimulo/[24576 256 256 256 11],15-10-2024,Implmente MLP con ambas normalizaciones.
0.10431034482758621,0.003289727914326239,S15/minmax/estimulo/[24576 256 256 256 256 256 256 256 11],15-10-2024,Implmente MLP con ambas normalizaciones.
0.58206106870229,0.01955524955335801,S15/minmax/artefacto/[24576 11],10-10-2024,Primer perceptron simple.
0.6057251908396947,0.012670376086028877,S15/minmax/artefacto/[24576 256 11],15-10-2024,Implmente MLP con ambas normalizaciones.
0.5931297709923664,0.013402328142045372,S15/minmax/artefacto/[24576 256 256 11],15-10-2024,Implmente MLP con ambas normalizaciones.
0.5767175572519084,0.016413323236064512,S15/minmax/artefacto/[24576 256 256 256 11],15-10-2024,Implmente MLP con ambas normalizaciones.
0.6030534351145038,0.021143625769236972,S15/minmax/artefacto/[24576 256 256 256 256 256 256 256 11],15-10-2024,Implmente MLP con ambas normalizaciones.
0.5266129032258065,0.006171462848795956,S15/prom0/modalidad/[24576 2],14-10-2024,Cambi� normalizacion mixmax a abs_prom0.
0.580241935483871,0.010034167046878463,S15/prom0/modalidad/[24576 256 2],15-10-2024,Implmente MLP con ambas normalizaciones.
0.5596774193548387,0.012416801685615172,S15/prom0/modalidad/[24576 256 256 2],15-10-2024,Implmente MLP con ambas normalizaciones.
0.5608870967741936,0.004842908124784001,S15/prom0/modalidad/[24576 256 256 256 2],15-10-2024,Implmente MLP con ambas normalizaciones.
0.5508064516129032,0.017269413286957788,S15/prom0/modalidad/[24576 256 256 256 256 256 256 256 2],15-10-2024,Implmente MLP con ambas normalizaciones.
0.11767241379310345,0.004975601888196204,S15/prom0/estimulo/[24576 11],14-10-2024,Cambi� normalizacion mixmax a abs_prom0.
0.10991379310344829,0.0029313514027447074,S15/prom0/estimulo/[24576 256 11],15-10-2024,Implmente MLP con ambas normalizaciones.
0.1103448275862069,0.0041287163923853475,S15/prom0/estimulo/[24576 256 256 11],15-10-2024,Implmente MLP con ambas normalizaciones.
0.1103448275862069,0.0042670236795739926,S15/prom0/estimulo/[24576 256 256 256 11],15-10-2024,Implmente MLP con ambas normalizaciones.
0.09612068965517243,0.002751539942845626,S15/prom0/estimulo/[24576 256 256 256 256 256 256 256 11],15-10-2024,Implmente MLP con ambas normalizaciones.
0.4435114503816794,0.0069936954968735435,S15/prom0/artefacto/[24576 11],14-10-2024,Cambi� normalizacion mixmax a abs_prom0.
0.5412213740458015,0.008379579542022966,S15/prom0/artefacto/[24576 256 11],15-10-2024,Implmente MLP con ambas normalizaciones.
0.5519083969465649,0.004872956234657909,S15/prom0/artefacto/[24576 256 256 11],15-10-2024,Implmente MLP con ambas normalizaciones.
0.5732824427480916,0.002282110828836146,S15/prom0/artefacto/[24576 256 256 256 11],15-10-2024,Implmente MLP con ambas normalizaciones.
0.5400763358778626,0.005261087309958099,S15/prom0/artefacto/[24576 256 256 256 256 256 256 256 11],15-10-2024,Implmente MLP con ambas normalizaciones.
0.5783737024221454,0.018827419623113382,S1/minmax/modalidad/[3072 256 256 2],['31-12-2024'],Señal filtrada a banda correspondiente.
0.09194756554307117,0.004838810231281772,S1/minmax/estimulo/[3072 256 256 11],['31-12-2024'],Señal filtrada a banda correspondiente.
0.49721189591078063,0.0066745046814880365,S1/minmax/artefacto/[3072 256 256 11],['31-12-2024'],Señal filtrada a banda correspondiente.
0.677130977130977,0.012019317394005235,S2/minmax/modalidad/[3072 256 256 2],['31-12-2024'],Señal filtrada a banda correspondiente.
0.10747863247863247,0.005234437044636219,S2/minmax/estimulo/[3072 256 256 11],['31-12-2024'],Señal filtrada a banda correspondiente.
0.44972875226039777,0.013816650790945373,S2/minmax/artefacto/[3072 256 256 11],['31-12-2024'],Señal filtrada a banda correspondiente.
0.648080808080808,0.012213639379129573,S3/minmax/modalidad/[3072 256 256 2],['31-12-2024'],Señal filtrada a banda correspondiente.
0.10662650602409637,0.0062464540243797615,S3/minmax/estimulo/[3072 256 256 11],['31-12-2024'],Señal filtrada a banda correspondiente.
0.509208103130755,0.008760343245240618,S3/minmax/artefacto/[3072 256 256 11],['31-12-2024'],Señal filtrada a banda correspondiente.
0.6194503171247357,0.01712053008385944,S4/minmax/modalidad/[3072 256 256 2],['31-12-2024'],Señal filtrada a banda correspondiente.
0.095,0.0026337364993313413,S4/minmax/estimulo/[3072 256 256 11],['31-12-2024'],Señal filtrada a banda correspondiente.
0.46914700544464616,0.012102993964756541,S4/minmax/artefacto/[3072 256 256 11],['31-12-2024'],Señal filtrada a banda correspondiente.
0.5647702407002189,0.11060203140221317,S5/minmax/modalidad/[3072 256 256 2],['31-12-2024'],Señal filtrada a banda correspondiente.
0.09048672566371681,0.0033544440753817575,S5/minmax/estimulo/[3072 256 256 11],['31-12-2024'],Señal filtrada a banda correspondiente.
0.5037037037037038,0.026992986351227585,S5/minmax/artefacto/[3072 256 256 11],['31-12-2024'],Señal filtrada a banda correspondiente.
0.5942184154175589,0.006900038557257374,S6/minmax/modalidad/[3072 256 256 2],['31-12-2024'],Señal filtrada a banda correspondiente.
0.0968421052631579,0.0035087719298245615,S6/minmax/estimulo/[3072 256 256 11],['31-12-2024'],Señal filtrada a banda correspondiente.
0.5143790849673202,0.0071924760928748,S6/minmax/artefacto/[3072 256 256 11],['31-12-2024'],Señal filtrada a banda correspondiente.
0.5314159292035399,0.02630542447831555,S7/minmax/modalidad/[3072 256 256 2],['31-12-2024'],Señal filtrada a banda correspondiente.
0.09933628318584072,0.003693946839636636,S7/minmax/estimulo/[3072 256 256 11],['31-12-2024'],Señal filtrada a banda correspondiente.
0.4921532846715328,0.025007398813984155,S7/minmax/artefacto/[3072 256 256 11],['31-12-2024'],Señal filtrada a banda correspondiente.
0.5362903225806451,0.016120629531649954,S8/minmax/modalidad/[3072 256 256 2],['31-12-2024'],Señal filtrada a banda correspondiente.
0.09511201629327902,0.004961449121681864,S8/minmax/estimulo/[3072 256 256 11],['31-12-2024'],Señal filtrada a banda correspondiente.
0.4890459363957597,0.01589407864886702,S8/minmax/artefacto/[3072 256 256 11],['31-12-2024'],Señal filtrada a banda correspondiente.
0.5205479452054794,0.009595916789789065,S9/minmax/modalidad/[3072 256 256 2],['31-12-2024'],Señal filtrada a banda correspondiente.
0.09800796812749005,0.005817581969139313,S9/minmax/estimulo/[3072 256 256 11],['31-12-2024'],Señal filtrada a banda correspondiente.
0.4923339011925042,0.009310119946357378,S9/minmax/artefacto/[3072 256 256 11],['31-12-2024'],Señal filtrada a banda correspondiente.
0.5747412008281574,0.010829562592647635,S10/minmax/modalidad/[3072 256 256 2],['31-12-2024'],Señal filtrada a banda correspondiente.
0.1014344262295082,0.005500648750078754,S10/minmax/estimulo/[3072 256 256 11],['31-12-2024'],Señal filtrada a banda correspondiente.
0.5175746924428821,0.01085038605821909,S10/minmax/artefacto/[3072 256 256 11],['31-12-2024'],Señal filtrada a banda correspondiente.
0.6451612903225807,0.010476113755456916,S11/minmax/modalidad/[3072 256 256 2],['31-12-2024'],Señal filtrada a banda correspondiente.
0.09216494845360826,0.0041811577111354305,S11/minmax/estimulo/[3072 256 256 11],['31-12-2024'],Señal filtrada a banda correspondiente.
0.5255434782608697,0.013552559788588395,S11/minmax/artefacto/[3072 256 256 11],['31-12-2024'],Señal filtrada a banda correspondiente.
0.5790650406504066,0.010558894727030295,S12/minmax/modalidad/[3072 256 256 2],['31-12-2024'],Señal filtrada a banda correspondiente.
0.09851380042462846,0.002972399150743101,S12/minmax/estimulo/[3072 256 256 11],['31-12-2024'],Señal filtrada a banda correspondiente.
0.5029999999999999,0.0057368206448442476,S12/minmax/artefacto/[3072 256 256 11],['31-12-2024'],Señal filtrada a banda correspondiente.
0.6116424116424117,0.012228271656334182,S13/minmax/modalidad/[3072 256 256 2],['31-12-2024'],Señal filtrada a banda correspondiente.
0.10209205020920502,0.0034978901545284387,S13/minmax/estimulo/[3072 256 256 11],['31-12-2024'],Señal filtrada a banda correspondiente.
0.5045207956600362,0.015296657673839089,S13/minmax/artefacto/[3072 256 256 11],['31-12-2024'],Señal filtrada a banda correspondiente.
0.6134502923976608,0.0065627030539311265,S14/minmax/modalidad/[3072 256 256 2],['31-12-2024'],Señal filtrada a banda correspondiente.
0.09649484536082474,0.003433675875408053,S14/minmax/estimulo/[3072 256 256 11],['31-12-2024'],Señal filtrada a banda correspondiente.
0.5418647166361974,0.009354399769646192,S14/minmax/artefacto/[3072 256 256 11],['31-12-2024'],Señal filtrada a banda correspondiente.
0.595531914893617,0.010338323926175608,S15/minmax/modalidad/[3072 256 256 2],['31-12-2024'],Señal filtrada a banda correspondiente.
0.09288793103448276,0.0028994879411796777,S15/minmax/estimulo/[3072 256 256 11],['31-12-2024'],Señal filtrada a banda correspondiente.
0.5187022900763358,0.0071394340186250425,S15/minmax/artefacto/[3072 256 256 11],['31-12-2024'],Señal filtrada a banda correspondiente.
